LocationType,Location,DataType,TimeFrame,DataFormat,Data,Indicator,HousingStatus,TimeStart,TimeEnd,StatNow,StatPrevious,TimeFramePrevious,StatIncrease,Source,Category
County,Kauai County,Percent,2018-2022,Percent,0.18018,Percent of children in immigrant families,,2018,2022,18.0%,20.1%,2017-2021,FALSE,"https://datacenter.aecf.org/data/tables/11680-child-abuse-and-neglect-birth-to-age-17?loc=13&loct=2#detailed/5/7268/false/2048,574/6445/22954",Demographics
County,Hawaii County,Percent,2018-2022,Percent,0.20243,Percent of children in immigrant families,,2018,2022,20.2%,21.1%,2017-2021,FALSE,"https://datacenter.aecf.org/data/tables/11680-child-abuse-and-neglect-birth-to-age-17?loc=13&loct=2#detailed/5/7267/false/2048,574/6445/22954",Demographics
State,Hawaii,Percent,2018-2022,Percent,0.28201,Percent of children in immigrant families,,2018,2022,28.2%,28.6%,2017-2021,FALSE,"https://datacenter.aecf.org/data/tables/11680-child-abuse-and-neglect-birth-to-age-17?loc=13&loct=2#detailed/2/any/false/2048,574/6445/22954",Demographics
County,C&C Honolulu,Percent,2018-2022,Percent,0.29878,Percent of children in immigrant families,,2018,2022,29.9%,30.0%,2017-2021,FALSE,"https://datacenter.aecf.org/data/tables/11680-child-abuse-and-neglect-birth-to-age-17?loc=13&loct=2#detailed/5/7266/false/2048,574/6445/22954",Demographics
County,Maui County,Percent,2018-2022,Percent,0.32363,Percent of children in immigrant families,,2018,2022,32.4%,33.5%,2017-2021,FALSE,"https://datacenter.aecf.org/data/tables/11680-child-abuse-and-neglect-birth-to-age-17?loc=13&loct=2#detailed/5/7269/false/2048,574/6445/22954",Demographics
County,C&C Honolulu,Percent,2017-2021,Percent,0.29982,Percent of children in immigrant families,,2017,2021,,,,,,Demographics
State,Hawaii,Percent,2017-2021,Percent,0.28636,Percent of children in immigrant families,,2017,2021,,,,,,Demographics
County,Hawaii County,Percent,2017-2021,Percent,0.21076,Percent of children in immigrant families,,2017,2021,,,,,,Demographics
County,Kauai County,Percent,2017-2021,Percent,0.20121,Percent of children in immigrant families,,2017,2021,,,,,,Demographics
County,Maui County,Percent,2017-2021,Percent,0.33471,Percent of children in immigrant families,,2017,2021,,,,,,Demographics
County,Kauai County,Percent,2018-2022,Percent,0.31213,Percent of families with children,,2018,2022,31.2%,32.4%,2017-2021,FALSE,"https://datacenter.aecf.org/data/tables/9527-children-under-age-18-in-poverty?loc=13&loct=2#detailed/5/7268/false/2543,2454,2026,1983,1692,1691,1607,1572,1485,1376/6273/18699",Demographics
County,Hawaii County,Percent,2018-2022,Percent,0.34548,Percent of families with children,,2018,2022,34.5%,35.1%,2017-2021,FALSE,"https://datacenter.aecf.org/data/tables/9527-children-under-age-18-in-poverty?loc=13&loct=2#detailed/5/7267/false/2543,2454,2026,1983,1692,1691,1607,1572,1485,1376/6273/18699",Demographics
State,Hawaii,Percent,2018-2022,Percent,0.36115,Percent of families with children,,2018,2022,36.1%,36.4%,2017-2021,FALSE,"https://datacenter.aecf.org/data/tables/9527-children-under-age-18-in-poverty?loc=13&loct=2#detailed/2/any/false/2543,2454,2026,1983,1692,1691,1607,1572,1485,1376/6273/18699",Demographics
County,C&C Honolulu,Percent,2018-2022,Percent,0.36667,Percent of families with children,,2018,2022,36.7%,37.1%,2017-2021,FALSE,"https://datacenter.aecf.org/data/tables/9527-children-under-age-18-in-poverty?loc=13&loct=2#detailed/5/7266/false/2543,2454,2026,1983,1692,1691,1607,1572,1485,1376/6273/18699",Demographics
County,Maui County,Percent,2018-2022,Percent,0.36833,Percent of families with children,,2018,2022,36.8%,36.2%,2017-2021,TRUE,"https://datacenter.aecf.org/data/tables/9527-children-under-age-18-in-poverty?loc=13&loct=2#detailed/5/7269/false/2543,2454,2026,1983,1692,1691,1607,1572,1485,1376/6273/18699",Demographics
County,C&C Honolulu,Percent,2017-2021,Percent,0.37059,Percent of families with children,,2017,2021,,,,,,Demographics
State,Hawaii,Percent,2017-2021,Percent,0.36441,Percent of families with children,,2017,2021,,,,,,Demographics
County,Hawaii County,Percent,2017-2021,Percent,0.35082,Percent of families with children,,2017,2021,,,,,,Demographics
County,Kauai County,Percent,2017-2021,Percent,0.32354,Percent of families with children,,2017,2021,,,,,,Demographics
County,Maui County,Percent,2017-2021,Percent,0.36175,Percent of families with children,,2017,2021,,,,,,Demographics
County,C&C Honolulu,Percent,2018-2022,Percent,0.24532,Percent of families with children that are single-parent families,,2018,2022,24.5%,24.1%,2017-2021,TRUE,"https://datacenter.aecf.org/data/tables/9777-children-receiving-public-assistance?loc=13&loct=5#detailed/5/7266/false/2543,2454,2026,1983,1692,1691,1607,1572,1485,1376/6273/19050",Demographics
State,Hawaii,Percent,2018-2022,Percent,0.27771,Percent of families with children that are single-parent families,,2018,2022,27.8%,27.1%,2017-2021,TRUE,"https://datacenter.aecf.org/data/tables/9777-children-receiving-public-assistance?loc=13&loct=5#detailed/2/any/false/2543,2454,2026,1983,1692,1691,1607,1572,1485,1376/6273/19050",Demographics
County,Maui County,Percent,2018-2022,Percent,0.32229,Percent of families with children that are single-parent families,,2018,2022,32.2%,29.9%,2017-2021,TRUE,"https://datacenter.aecf.org/data/tables/9777-children-receiving-public-assistance?loc=13&loct=5#detailed/5/7269/false/2543,2454,2026,1983,1692,1691,1607,1572,1485,1376/6273/19050",Demographics
County,Kauai County,Percent,2018-2022,Percent,0.33077,Percent of families with children that are single-parent families,,2018,2022,33.1%,33.1%,2017-2021,TRUE,"https://datacenter.aecf.org/data/tables/9777-children-receiving-public-assistance?loc=13&loct=5#detailed/5/7268/false/2543,2454,2026,1983,1692,1691,1607,1572,1485,1376/6273/19050",Demographics
County,Hawaii County,Percent,2018-2022,Percent,0.38741,Percent of families with children that are single-parent families,,2018,2022,38.7%,38.2%,2017-2021,TRUE,"https://datacenter.aecf.org/data/tables/9777-children-receiving-public-assistance?loc=13&loct=5#detailed/5/7267/false/2543,2454,2026,1983,1692,1691,1607,1572,1485,1376/6273/19050",Demographics
County,C&C Honolulu,Percent,2017-2021,Percent,0.24085,Percent of families with children that are single-parent families,,2017,2021,,,,,,Demographics
State,Hawaii,Percent,2017-2021,Percent,0.27099,Percent of families with children that are single-parent families,,2017,2021,,,,,,Demographics
County,Hawaii County,Percent,2017-2021,Percent,0.38174,Percent of families with children that are single-parent families,,2017,2021,,,,,,Demographics
County,Kauai County,Percent,2017-2021,Percent,0.33052,Percent of families with children that are single-parent families,,2017,2021,,,,,,Demographics
County,Maui County,Percent,2017-2021,Percent,0.29897,Percent of families with children that are single-parent families,,2017,2021,,,,,,Demographics
County,Hawaii County,Percent,2018-2022,Percent,0.38053,Percent of families with children that have young children,,2018,2022,38.1%,41.3%,2017-2021,FALSE,"https://datacenter.aecf.org/data/tables/9529-children-under-age-6-in-low-income-families?loc=13&loct=5#detailed/5/7267/false/2543,2454,2026,1983,1692,1691,1607,1572,1485,1376/6273/18701",Demographics
County,Kauai County,Percent,2018-2022,Percent,0.38073,Percent of families with children that have young children,,2018,2022,38.1%,39.0%,2017-2021,FALSE,"https://datacenter.aecf.org/data/tables/9529-children-under-age-6-in-low-income-families?loc=13&loct=5#detailed/5/7268/false/2543,2454,2026,1983,1692,1691,1607,1572,1485,1376/6273/18701",Demographics
County,Maui County,Percent,2018-2022,Percent,0.38352,Percent of families with children that have young children,,2018,2022,38.4%,39.2%,2017-2021,FALSE,"https://datacenter.aecf.org/data/tables/9529-children-under-age-6-in-low-income-families?loc=13&loct=5#detailed/5/7269/false/2543,2454,2026,1983,1692,1691,1607,1572,1485,1376/6273/18701",Demographics
State,Hawaii,Percent,2018-2022,Percent,0.41479,Percent of families with children that have young children,,2018,2022,41.5%,42.1%,2017-2021,FALSE,"https://datacenter.aecf.org/data/tables/9529-children-under-age-6-in-low-income-families?loc=13&loct=5#detailed/2/any/false/2543,2454,2026,1983,1692,1691,1607,1572,1485,1376/6273/18701",Demographics
County,C&C Honolulu,Percent,2018-2022,Percent,0.42891,Percent of families with children that have young children,,2018,2022,42.9%,42.9%,2017-2021,FALSE,"https://datacenter.aecf.org/data/tables/9529-children-under-age-6-in-low-income-families?loc=13&loct=5#detailed/5/7266/false/2543,2454,2026,1983,1692,1691,1607,1572,1485,1376/6273/18701",Demographics
County,C&C Honolulu,Percent,2017-2021,Percent,0.42948,Percent of families with children that have young children,,2017,2021,,,,,,Demographics
State,Hawaii,Percent,2017-2021,Percent,0.42123,Percent of families with children that have young children,,2017,2021,,,,,,Demographics
County,Hawaii County,Percent,2017-2021,Percent,0.41329,Percent of families with children that have young children,,2017,2021,,,,,,Demographics
County,Kauai County,Percent,2017-2021,Percent,0.39046,Percent of families with children that have young children,,2017,2021,,,,,,Demographics
County,Maui County,Percent,2017-2021,Percent,0.39161,Percent of families with children that have young children,,2017,2021,,,,,,Demographics
County,C&C Honolulu,,2022,Percent,0.109,Children in poverty (0-17),,,,10.9%,11.2%,2021,FALSE,"https://datacenter.aecf.org/data/tables/9525-children-under-age-6-in-poverty?loc=13&loct=5#detailed/5/7266/false/2543,2454,2026,1983,1692,1691,1607,1572,1485,1376/6273/18697",Economic
State,Hawaii,,2022,Percent,0.121,Children in poverty (0-17),,,,12.1%,12.9%,2021,FALSE,"https://datacenter.aecf.org/data/tables/9525-children-under-age-6-in-poverty?loc=13&loct=5#detailed/2/any/false/2543,2454,2026,1983,1692,1691,1607,1572,1485,1376/6273/18697",Economic
County,Hawaii County,,2022,Percent,0.188,Children in poverty (0-17),,,,18.8%,19.8%,2021,FALSE,"https://datacenter.aecf.org/data/tables/9525-children-under-age-6-in-poverty?loc=13&loct=5#detailed/5/7267/false/2543,2454,2026,1983,1692,1691,1607,1572,1485,1376/6273/18697",Economic
County,Kauai County,,2022,Percent,0.11,Children in poverty (0-17),,,,11.0%,13.9%,2021,FALSE,"https://datacenter.aecf.org/data/tables/9525-children-under-age-6-in-poverty?loc=13&loct=5#detailed/5/7268/false/2543,2454,2026,1983,1692,1691,1607,1572,1485,1376/6273/18697",Economic
County,Maui County,,2022,Percent,0.111,Children in poverty (0-17),,,,11.1%,13.9%,2021,FALSE,"https://datacenter.aecf.org/data/tables/9525-children-under-age-6-in-poverty?loc=13&loct=5#detailed/5/7269/false/2543,2454,2026,1983,1692,1691,1607,1572,1485,1376/6273/18697",Economic
County,C&C Honolulu,,2021,Percent,0.112,Children in poverty (0-17),,,,,,,,,Economic
State,Hawaii,,2021,Percent,0.129,Children in poverty (0-17),,,,,,,,,Economic
County,Hawaii County,,2021,Percent,0.198,Children in poverty (0-17),,,,,,,,,Economic
County,Kauai County,,2021,Percent,0.139,Children in poverty (0-17),,,,,,,,,Economic
County,Maui County,,2021,Percent,0.139,Children in poverty (0-17),,,,,,,,,Economic
County,Maui County,Percent,2018-2022,Percent,0.23399,Children receiving public assistance,,2018,2022,23.4%,21.7%,2017-2021,TRUE,"https://datacenter.aecf.org/data/tables/4533-early-prenatal-care?loc=13&loct=2#detailed/5/7269/false/1095,2048,574,1729,37,871,870,573,869/6273/10358",Economic
County,C&C Honolulu,Percent,2018-2022,Percent,0.23509,Children receiving public assistance,,2018,2022,23.5%,22.7%,2017-2021,TRUE,"https://datacenter.aecf.org/data/tables/4533-early-prenatal-care?loc=13&loct=2#detailed/5/7266/false/1095,2048,574,1729,37,871,870,573,869/6273/10358",Economic
County,Kauai County,Percent,2018-2022,Percent,0.24739,Children receiving public assistance,,2018,2022,24.7%,22.6%,2017-2021,TRUE,"https://datacenter.aecf.org/data/tables/4533-early-prenatal-care?loc=13&loct=2#detailed/5/7268/false/1095,2048,574,1729,37,871,870,573,869/6273/10358",Economic
State,Hawaii,Percent,2018-2022,Percent,0.25801,Children receiving public assistance,,2018,2022,25.8%,24.9%,2017-2021,TRUE,"https://datacenter.aecf.org/data/tables/4533-early-prenatal-care?loc=13&loct=2#detailed/2/any/false/1095,2048,574,1729,37,871,870,573,869/6273/10358",Economic
County,Hawaii County,Percent,2018-2022,Percent,0.39286,Children receiving public assistance,,2018,2022,39.3%,38.9%,2017-2021,TRUE,"https://datacenter.aecf.org/data/tables/4533-early-prenatal-care?loc=13&loct=2#detailed/5/7267/false/1095,2048,574,1729,37,871,870,573,869/6273/10358",Economic
County,C&C Honolulu,Percent,2017-2021,Percent,0.22714,Children receiving public assistance,,2017,2021,,,,,,Economic
State,Hawaii,Percent,2017-2021,Percent,0.24855,Children receiving public assistance,,2017,2021,,,,,,Economic
County,Hawaii County,Percent,2017-2021,Percent,0.38897,Children receiving public assistance,,2017,2021,,,,,,Economic
County,Kauai County,Percent,2017-2021,Percent,0.22561,Children receiving public assistance,,2017,2021,,,,,,Economic
County,Maui County,Percent,2017-2021,Percent,0.21706,Children receiving public assistance,,2017,2021,,,,,,Economic
County,Maui County,Percent,2018-2022,Percent,0.24746,Children under 6 in low-income families (ACS),,2018,2022,24.7%,23.6%,2017-2021,TRUE,"https://datacenter.aecf.org/data/tables/4874-high-school-seniors-graduating-with-a-diploma?loc=13&loct=2#detailed/5/7269/false/1095,2048,574,1729,37,871,870,573,869,36/any/11258",Economic
County,C&C Honolulu,Percent,2018-2022,Percent,0.28432,Children under 6 in low-income families (ACS),,2018,2022,28.4%,28.1%,2017-2021,TRUE,"https://datacenter.aecf.org/data/tables/4874-high-school-seniors-graduating-with-a-diploma?loc=13&loct=2#detailed/5/7266/false/1095,2048,574,1729,37,871,870,573,869,36/any/11258",Economic
State,Hawaii,Percent,2018-2022,Percent,0.30019,Children under 6 in low-income families (ACS),,2018,2022,30.0%,30.1%,2017-2021,FALSE,"https://datacenter.aecf.org/data/tables/4874-high-school-seniors-graduating-with-a-diploma?loc=13&loct=2#detailed/2/any/false/1095,2048,574,1729,37,871,870,573,869,36/any/11258",Economic
County,Kauai County,Percent,2018-2022,Percent,0.33525,Children under 6 in low-income families (ACS),,2018,2022,33.5%,35.8%,2017-2021,FALSE,"https://datacenter.aecf.org/data/tables/4874-high-school-seniors-graduating-with-a-diploma?loc=13&loct=2#detailed/5/7268/false/1095,2048,574,1729,37,871,870,573,869,36/any/11258",Economic
County,Hawaii County,Percent,2018-2022,Percent,0.41919,Children under 6 in low-income families (ACS),,2018,2022,41.9%,44.2%,2017-2021,FALSE,"https://datacenter.aecf.org/data/tables/4874-high-school-seniors-graduating-with-a-diploma?loc=13&loct=2#detailed/5/7267/false/1095,2048,574,1729,37,871,870,573,869,36/any/11258",Economic
County,C&C Honolulu,Percent,2017-2021,Percent,0.28075,Children under 6 in low-income families (ACS),,2017,2021,,,,,,Economic
State,Hawaii,Percent,2017-2021,Percent,0.30083,Children under 6 in low-income families (ACS),,2017,2021,,,,,,Economic
County,Hawaii County,Percent,2017-2021,Percent,0.44179,Children under 6 in low-income families (ACS),,2017,2021,,,,,,Economic
County,Kauai County,Percent,2017-2021,Percent,0.35843,Children under 6 in low-income families (ACS),,2017,2021,,,,,,Economic
County,Maui County,Percent,2017-2021,Percent,0.23617,Children under 6 in low-income families (ACS),,2017,2021,,,,,,Economic
County,Maui County,Percent,2018-2022,Percent,0.09415,Children under 6 in poverty (ACS),,2018,2022,9.4%,11.3%,2017-2021,FALSE,"https://datacenter.aecf.org/data/tables/10133-households-with-a-housing-cost-burden?loc=13&loct=2#detailed/5/7269/false/2543,2454,2026,1983,1692,1691,1607,1572,1485,1376/3500,3501|6273/19562",Economic
County,C&C Honolulu,Percent,2018-2022,Percent,0.11614,Children under 6 in poverty (ACS),,2018,2022,11.6%,11.4%,2017-2021,TRUE,"https://datacenter.aecf.org/data/tables/10133-households-with-a-housing-cost-burden?loc=13&loct=2#detailed/5/7266/false/2543,2454,2026,1983,1692,1691,1607,1572,1485,1376/3500,3501|6273/19562",Economic
County,Kauai County,Percent,2018-2022,Percent,0.12113,Children under 6 in poverty (ACS),,2018,2022,12.1%,14.4%,2017-2021,FALSE,"https://datacenter.aecf.org/data/tables/10133-households-with-a-housing-cost-burden?loc=13&loct=2#detailed/5/7268/false/2543,2454,2026,1983,1692,1691,1607,1572,1485,1376/3500,3501|6273/19562",Economic
State,Hawaii,Percent,2018-2022,Percent,0.12405,Children under 6 in poverty (ACS),,2018,2022,12.4%,12.7%,2017-2021,FALSE,"https://datacenter.aecf.org/data/tables/10133-households-with-a-housing-cost-burden?loc=13&loct=2#detailed/2/any/false/2543,2454,2026,1983,1692,1691,1607,1572,1485,1376/3500,3501|6273/19562",Economic
County,Hawaii County,Percent,2018-2022,Percent,0.19405,Children under 6 in poverty (ACS),,2018,2022,19.4%,20.6%,2017-2021,FALSE,"https://datacenter.aecf.org/data/tables/10133-households-with-a-housing-cost-burden?loc=13&loct=2#detailed/5/7267/false/2543,2454,2026,1983,1692,1691,1607,1572,1485,1376/3500,3501|6273/19562",Economic
County,C&C Honolulu,Percent,2017-2021,Percent,0.1139,Children under 6 in poverty (ACS),,2017,2021,,,,,,Economic
State,Hawaii,Percent,2017-2021,Percent,0.12738,Children under 6 in poverty (ACS),,2017,2021,,,,,,Economic
County,Hawaii County,Percent,2017-2021,Percent,0.20647,Children under 6 in poverty (ACS),,2017,2021,,,,,,Economic
County,Kauai County,Percent,2017-2021,Percent,0.14362,Children under 6 in poverty (ACS),,2017,2021,,,,,,Economic
County,Maui County,Percent,2017-2021,Percent,0.11263,Children under 6 in poverty (ACS),,2017,2021,,,,,,Economic
County,Hawaii County,Percent,2018-2022,Percent,0.26428,Households with a housing cost burden,Owner,2018,2022,26.4%,26.6%,2017-2021,FALSE,"https://datacenter.aecf.org/data/tables/10282-low-birth-weight?loc=13&loct=2#detailed/5/7267/false/1095,2048,574,1729,37,871,870,573,869,36/6273/19910",Economic
State,Hawaii,Percent,2018-2022,Percent,0.30056,Households with a housing cost burden,Owner,2018,2022,30.1%,30.1%,2017-2021,flat,"https://datacenter.aecf.org/data/tables/10282-low-birth-weight?loc=13&loct=2#detailed/2/any/false/1095,2048,574,1729,37,871,870,573,869,36/6273/19910",Economic
County,C&C Honolulu,Percent,2018-2022,Percent,0.30518,Households with a housing cost burden,Owner,2018,2022,30.5%,30.3%,2017-2021,TRUE,"https://datacenter.aecf.org/data/tables/10282-low-birth-weight?loc=13&loct=2#detailed/5/7266/false/1095,2048,574,1729,37,871,870,573,869,36/6273/19910",Economic
County,Kauai County,Percent,2018-2022,Percent,0.30726,Households with a housing cost burden,Owner,2018,2022,30.7%,31.3%,2017-2021,FALSE,"https://datacenter.aecf.org/data/tables/10282-low-birth-weight?loc=13&loct=2#detailed/5/7268/false/1095,2048,574,1729,37,871,870,573,869,36/6273/19910",Economic
County,Maui County,Percent,2018-2022,Percent,0.32491,Households with a housing cost burden,Owner,2018,2022,32.5%,33.2%,2017-2021,FALSE,"https://datacenter.aecf.org/data/tables/10282-low-birth-weight?loc=13&loct=2#detailed/5/7269/false/1095,2048,574,1729,37,871,870,573,869,36/6273/19910",Economic
County,Kauai County,Percent,2018-2022,Percent,0.4124,Households with a housing cost burden,Renter,2018,2022,41.2%,41.1%,2017-2021,TRUE,"https://datacenter.aecf.org/data/tables/10282-low-birth-weight?loc=13&loct=2#detailed/5/7268/false/1095,2048,574,1729,37,871,870,573,869,36/6273/19910",Economic
County,Hawaii County,Percent,2018-2022,Percent,0.43852,Households with a housing cost burden,Renter,2018,2022,43.9%,43.7%,2017-2021,TRUE,"https://datacenter.aecf.org/data/tables/10282-low-birth-weight?loc=13&loct=2#detailed/5/7267/false/1095,2048,574,1729,37,871,870,573,869,36/6273/19910",Economic
County,Maui County,Percent,2018-2022,Percent,0.4699,Households with a housing cost burden,Renter,2018,2022,47.0%,47.4%,2017-2021,FALSE,"https://datacenter.aecf.org/data/tables/10282-low-birth-weight?loc=13&loct=2#detailed/5/7269/false/1095,2048,574,1729,37,871,870,573,869,36/6273/19910",Economic
State,Hawaii,Percent,2018-2022,Percent,0.51445,Households with a housing cost burden,Renter,2018,2022,51.4%,51.0%,2017-2021,TRUE,"https://datacenter.aecf.org/data/tables/10282-low-birth-weight?loc=13&loct=2#detailed/2/any/false/1095,2048,574,1729,37,871,870,573,869,36/6273/19910",Economic
County,C&C Honolulu,Percent,2018-2022,Percent,0.53812,Households with a housing cost burden,Renter,2018,2022,53.8%,53.2%,2017-2021,TRUE,"https://datacenter.aecf.org/data/tables/10282-low-birth-weight?loc=13&loct=2#detailed/5/7266/false/1095,2048,574,1729,37,871,870,573,869,36/6273/19910",Economic
County,C&C Honolulu,Percent,2017-2021,Percent,0.53233,Households with a housing cost burden,Renter,2017,2021,,,,,,Economic
County,C&C Honolulu,Percent,2017-2021,Percent,0.30287,Households with a housing cost burden,Owner,2017,2021,,,,,,Economic
State,Hawaii,Percent,2017-2021,Percent,0.50983,Households with a housing cost burden,Renter,2017,2021,,,,,,Economic
State,Hawaii,Percent,2017-2021,Percent,0.30056,Households with a housing cost burden,Owner,2017,2021,,,,,,Economic
County,Hawaii County,Percent,2017-2021,Percent,0.43684,Households with a housing cost burden,Renter,2017,2021,,,,,,Economic
County,Hawaii County,Percent,2017-2021,Percent,0.26623,Households with a housing cost burden,Owner,2017,2021,,,,,,Economic
County,Kauai County,Percent,2017-2021,Percent,0.41138,Households with a housing cost burden,Renter,2017,2021,,,,,,Economic
County,Kauai County,Percent,2017-2021,Percent,0.31278,Households with a housing cost burden,Owner,2017,2021,,,,,,Economic
County,Maui County,Percent,2017-2021,Percent,0.47395,Households with a housing cost burden,Renter,2017,2021,,,,,,Economic
County,Maui County,Percent,2017-2021,Percent,0.33212,Households with a housing cost burden,Owner,2017,2021,,,,,,Economic
County,C&C Honolulu,,2018-2022,Percent,0.63926,Percent of young children with all parents in workforce,,2018,2022,63.9%,62.9%,2017-2021,TRUE,"https://datacenter.aecf.org/data/tables/9672-of-children-in-immigrant-families?loc=13&loct=2#detailed/5/7266/false/2543,2454,2026,1983,1692,1691,1607,1572,1485,1376/6273/18904",Economic
State,Hawaii,,2018-2022,Percent,0.66469,Percent of young children with all parents in workforce,,2018,2022,66.5%,65.4%,2017-2021,TRUE,"https://datacenter.aecf.org/data/tables/9672-of-children-in-immigrant-families?loc=13&loct=2#detailed/2/any/false/2543,2454,2026,1983,1692,1691,1607,1572,1485,1376/6273/18904",Economic
County,Kauai County,,2018-2022,Percent,0.69215,Percent of young children with all parents in workforce,,2018,2022,69.2%,73.1%,2017-2021,FALSE,"https://datacenter.aecf.org/data/tables/9672-of-children-in-immigrant-families?loc=13&loct=2#detailed/5/7268/false/2543,2454,2026,1983,1692,1691,1607,1572,1485,1376/6273/18904",Economic
County,Hawaii County,,2018-2022,Percent,0.70647,Percent of young children with all parents in workforce,,2018,2022,70.6%,67.5%,2017-2021,TRUE,"https://datacenter.aecf.org/data/tables/9672-of-children-in-immigrant-families?loc=13&loct=2#detailed/5/7267/false/2543,2454,2026,1983,1692,1691,1607,1572,1485,1376/6273/18904",Economic
County,Maui County,,2018-2022,Percent,0.76741,Percent of young children with all parents in workforce,,2018,2022,76.7%,75.8%,2017-2021,TRUE,"https://datacenter.aecf.org/data/tables/9672-of-children-in-immigrant-families?loc=13&loct=2#detailed/5/7269/false/2543,2454,2026,1983,1692,1691,1607,1572,1485,1376/6273/18904",Economic
County,C&C Honolulu,,2017-2021,Percent,0.62908,Percent of young children with all parents in workforce,,2017,2021,,,,,,Economic
State,Hawaii,,2017-2021,Percent,0.65412,Percent of young children with all parents in workforce,,2017,2021,,,,,,Economic
County,Hawaii County,,2017-2021,Percent,0.67545,Percent of young children with all parents in workforce,,2017,2021,,,,,,Economic
County,Kauai County,,2017-2021,Percent,0.73116,Percent of young children with all parents in workforce,,2017,2021,,,,,,Economic
County,Maui County,,2017-2021,Percent,0.75796,Percent of young children with all parents in workforce,,2017,2021,,,,,,Economic
County,C&C Honolulu,Rate,2022,Rate,3.5,Unemployment rate (annual average),,,,3.5,5.6,2021,FALSE,"https://datacenter.aecf.org/data/tables/9282-of-families-with-children?loc=13&loct=2#detailed/5/7266/false/2543,2454,2026,1983,1692,1691,1607,1572,1485,1376/6273/18366",Economic
State,Hawaii,Rate,2022,Rate,3.5,Unemployment rate (annual average),,,,3.5,6.0,2021,FALSE,"https://datacenter.aecf.org/data/tables/9282-of-families-with-children?loc=13&loct=2#detailed/2/any/false/2543,2454,2026,1983,1692,1691,1607,1572,1485,1376/6273/18366",Economic
County,Maui County,Rate,2022,Rate,3.5,Unemployment rate (annual average),,,,3.5,7.7,2021,FALSE,"https://datacenter.aecf.org/data/tables/9282-of-families-with-children?loc=13&loct=2#detailed/5/7269/false/2543,2454,2026,1983,1692,1691,1607,1572,1485,1376/6273/18366",Economic
County,Hawaii County,Rate,2022,Rate,3.6,Unemployment rate (annual average),,,,3.6,5.8,2021,FALSE,"https://datacenter.aecf.org/data/tables/9282-of-families-with-children?loc=13&loct=2#detailed/5/7267/false/2543,2454,2026,1983,1692,1691,1607,1572,1485,1376/6273/18366",Economic
County,Kauai County,Rate,2022,Rate,3.6,Unemployment rate (annual average),,,,3.6,8.1,2021,FALSE,"https://datacenter.aecf.org/data/tables/9282-of-families-with-children?loc=13&loct=2#detailed/5/7268/false/2543,2454,2026,1983,1692,1691,1607,1572,1485,1376/6273/18366",Economic
County,C&C Honolulu,Rate,2022,Rate,3.5,Unemployment rate (annual average),,,,3.5,5.6,2021,FALSE,"https://datacenter.aecf.org/data/tables/9282-of-families-with-children?loc=13&loct=2#detailed/5/7266/false/2543,2454,2026,1983,1692,1691,1607,1572,1485,1376/6273/18366",Economic
State,Hawaii,Rate,2022,Rate,3.5,Unemployment rate (annual average),,,,3.5,6.0,2021,FALSE,"https://datacenter.aecf.org/data/tables/9282-of-families-with-children?loc=13&loct=2#detailed/2/any/false/2543,2454,2026,1983,1692,1691,1607,1572,1485,1376/6273/18366",Economic
County,Hawaii County,Rate,2022,Rate,3.6,Unemployment rate (annual average),,,,3.6,5.8,2021,FALSE,"https://datacenter.aecf.org/data/tables/9282-of-families-with-children?loc=13&loct=2#detailed/5/7267/false/2543,2454,2026,1983,1692,1691,1607,1572,1485,1376/6273/18366",Economic
County,Kauai County,Rate,2022,Rate,3.6,Unemployment rate (annual average),,,,3.6,8.1,2021,FALSE,"https://datacenter.aecf.org/data/tables/9282-of-families-with-children?loc=13&loct=2#detailed/5/7268/false/2543,2454,2026,1983,1692,1691,1607,1572,1485,1376/6273/18366",Economic
County,Maui County,Rate,2022,Rate,3.5,Unemployment rate (annual average),,,,3.5,7.7,2021,FALSE,"https://datacenter.aecf.org/data/tables/9282-of-families-with-children?loc=13&loct=2#detailed/5/7269/false/2543,2454,2026,1983,1692,1691,1607,1572,1485,1376/6273/18366",Economic
County,C&C Honolulu,Rate,2021,Rate,5.6,Unemployment rate (annual average),,,,,,,,,Economic
State,Hawaii,Rate,2021,Rate,6,Unemployment rate (annual average),,,,,,,,,Economic
County,Hawaii County,Rate,2021,Rate,5.8,Unemployment rate (annual average),,,,,,,,,Economic
County,Kauai County,Rate,2021,Rate,8.1,Unemployment rate (annual average),,,,,,,,,Economic
County,Maui County,Rate,2021,Rate,7.7,Unemployment rate (annual average),,,,,,,,,Economic
County,C&C Honolulu,Rate,2020,Rate,10.3,Unemployment rate (annual average),,,,,,,,,Economic
State,Hawaii,Rate,2020,Rate,11.7,Unemployment rate (annual average),,,,,,,,,Economic
County,Hawaii County,Rate,2020,Rate,11.4,Unemployment rate (annual average),,,,,,,,,Economic
County,Kauai County,Rate,2020,Rate,16.2,Unemployment rate (annual average),,,,,,,,,Economic
County,Maui County,Rate,2020,Rate,17.8,Unemployment rate (annual average),,,,,,,,,Economic
County,C&C Honolulu,Rate,2019,Rate,2.4,Unemployment rate (annual average),,,,,,,,,Economic
State,Hawaii,Rate,2019,Rate,2.5,Unemployment rate (annual average),,,,,,,,,Economic
County,Hawaii County,Rate,2019,Rate,3.2,Unemployment rate (annual average),,,,,,,,,Economic
County,Kauai County,Rate,2019,Rate,2.5,Unemployment rate (annual average),,,,,,,,,Economic
County,Maui County,Rate,2019,Rate,2.4,Unemployment rate (annual average),,,,,,,,,Economic
County,Maui County,Percent,2018-2022,Percent,0.10978,Young adults (18-24) in poverty (ACS),,2018,2022,11.0%,11.9%,2017-2021,FALSE,"https://datacenter.aecf.org/data/tables/9285-of-families-with-children-that-are-single-parent-families?loc=13&loct=2#detailed/5/7269/false/2543,2454,2026,1983,1692,1691,1607,1572,1485,1376/6273/18368",Economic
County,Kauai County,Percent,2018-2022,Percent,0.11355,Young adults (18-24) in poverty (ACS),,2018,2022,11.4%,13.7%,2017-2021,FALSE,"https://datacenter.aecf.org/data/tables/9285-of-families-with-children-that-are-single-parent-families?loc=13&loct=2#detailed/5/7268/false/2543,2454,2026,1983,1692,1691,1607,1572,1485,1376/6273/18368",Economic
County,C&C Honolulu,Percent,2018-2022,Percent,0.12325,Young adults (18-24) in poverty (ACS),,2018,2022,12.3%,12.1%,2017-2021,TRUE,"https://datacenter.aecf.org/data/tables/9285-of-families-with-children-that-are-single-parent-families?loc=13&loct=2#detailed/5/7266/false/2543,2454,2026,1983,1692,1691,1607,1572,1485,1376/6273/18368",Economic
State,Hawaii,Percent,2018-2022,Percent,0.1286,Young adults (18-24) in poverty (ACS),,2018,2022,12.9%,13.1%,2017-2021,FALSE,"https://datacenter.aecf.org/data/tables/9285-of-families-with-children-that-are-single-parent-families?loc=13&loct=2#detailed/2/any/false/2543,2454,2026,1983,1692,1691,1607,1572,1485,1376/6273/18368",Economic
County,Hawaii County,Percent,2018-2022,Percent,0.18,Young adults (18-24) in poverty (ACS),,2018,2022,18.0%,19.3%,2017-2021,FALSE,"https://datacenter.aecf.org/data/tables/9285-of-families-with-children-that-are-single-parent-families?loc=13&loct=2#detailed/5/7267/false/2543,2454,2026,1983,1692,1691,1607,1572,1485,1376/6273/18368",Economic
County,C&C Honolulu,Percent,2017-2021,Percent,0.12133,Young adults (18-24) in poverty (ACS),,2017,2021,,,,,,Economic
State,Hawaii,Percent,2017-2021,Percent,0.13081,Young adults (18-24) in poverty (ACS),,2017,2021,,,,,,Economic
County,Hawaii County,Percent,2017-2021,Percent,0.19296,Young adults (18-24) in poverty (ACS),,2017,2021,,,,,,Economic
County,Kauai County,Percent,2017-2021,Percent,0.13669,Young adults (18-24) in poverty (ACS),,2017,2021,,,,,,Economic
County,Maui County,Percent,2017-2021,Percent,0.11938,Young adults (18-24) in poverty (ACS),,2017,2021,,,,,,Economic
County,C&C Honolulu,,2022,Percent,0.94852,High school seniors graduating with a diploma,,,,94.9%,93.6%,2021,TRUE,"https://datacenter.aecf.org/data/tables/9286-of-families-with-children-that-have-young-children?loc=13&loct=2#detailed/5/7266/false/2543,2454,2026,1983,1692,1691,1607,1572,1485,1376/6273/18369",Education
State,Hawaii,,2022,Percent,0.94434,High school seniors graduating with a diploma,,,,94.4%,93.8%,2021,TRUE,"https://datacenter.aecf.org/data/tables/9286-of-families-with-children-that-have-young-children?loc=13&loct=2#detailed/2/any/false/2543,2454,2026,1983,1692,1691,1607,1572,1485,1376/6273/18369",Education
County,Hawaii County,,2022,Percent,0.90391,High school seniors graduating with a diploma,,,,90.4%,92.2%,2021,FALSE,"https://datacenter.aecf.org/data/tables/9286-of-families-with-children-that-have-young-children?loc=13&loct=2#detailed/5/7267/false/2543,2454,2026,1983,1692,1691,1607,1572,1485,1376/6273/18369",Education
County,Kauai County,,2022,Percent,0.97089,High school seniors graduating with a diploma,,,,97.1%,96.7%,2021,TRUE,"https://datacenter.aecf.org/data/tables/9286-of-families-with-children-that-have-young-children?loc=13&loct=2#detailed/5/7268/false/2543,2454,2026,1983,1692,1691,1607,1572,1485,1376/6273/18369",Education
County,Maui County,,2022,Percent,0.95743,High school seniors graduating with a diploma,,,,95.7%,94.7%,2021,TRUE,"https://datacenter.aecf.org/data/tables/9286-of-families-with-children-that-have-young-children?loc=13&loct=2#detailed/5/7269/false/2543,2454,2026,1983,1692,1691,1607,1572,1485,1376/6273/18369",Education
County,C&C Honolulu,,2021,Percent,0.93636,High school seniors graduating with a diploma,,,,,,,,,Education
State,Hawaii,,2021,Percent,0.9375,High school seniors graduating with a diploma,,,,,,,,,Education
County,Hawaii County,,2021,Percent,0.92205,High school seniors graduating with a diploma,,,,,,,,,Education
County,Kauai County,,2021,Percent,0.9669,High school seniors graduating with a diploma,,,,,,,,,Education
County,Maui County,,2021,Percent,0.94713,High school seniors graduating with a diploma,,,,,,,,,Education
County,C&C Honolulu,,2022,Percent,0.1043,Percent of K-12 in special education,,,,10.4%,10.4%,2021,TRUE,"https://datacenter.aecf.org/data/tables/9684-of-k-12-students-in-special-education?loc=13&loct=2#detailed/5/7266/false/1095,2048,574,1729,37,871,870,573,869,36/any/18923",Education
State,Hawaii,,2022,Percent,0.105,Percent of K-12 in special education,,,,10.5%,10.4%,2021,TRUE,"https://datacenter.aecf.org/data/tables/9684-of-k-12-students-in-special-education?loc=13&loct=2#detailed/2/any/false/1095,2048,574,1729,37,871,870,573,869,36/any/18923",Education
County,Hawaii County,,2022,Percent,0.11513,Percent of K-12 in special education,,,,11.5%,11.4%,2021,TRUE,"https://datacenter.aecf.org/data/tables/9684-of-k-12-students-in-special-education?loc=13&loct=2#detailed/5/7267/false/1095,2048,574,1729,37,871,870,573,869,36/any/18923",Education
County,Kauai County,,2022,Percent,0.0985,Percent of K-12 in special education,,,,9.9%,9.5%,2021,TRUE,"https://datacenter.aecf.org/data/tables/9684-of-k-12-students-in-special-education?loc=13&loct=2#detailed/5/7268/false/1095,2048,574,1729,37,871,870,573,869,36/any/18923",Education
County,Maui County,,2022,Percent,0.10629,Percent of K-12 in special education,,,,10.6%,10.2%,2021,TRUE,"https://datacenter.aecf.org/data/tables/9684-of-k-12-students-in-special-education?loc=13&loct=2#detailed/5/7269/false/1095,2048,574,1729,37,871,870,573,869,36/any/18923",Education
County,C&C Honolulu,,2021,Percent,0.10382,Percent of K-12 in special education,,,,,,,,,Education
State,Hawaii,,2021,Percent,0.104,Percent of K-12 in special education,,,,,,,,,Education
County,Hawaii County,,2021,Percent,0.11436,Percent of K-12 in special education,,,,,,,,,Education
County,Kauai County,,2021,Percent,0.09463,Percent of K-12 in special education,,,,,,,,,Education
County,Maui County,,2021,Percent,0.10159,Percent of K-12 in special education,,,,,,,,,Education
County,C&C Honolulu,,2022,Percent,0.10214,Percent of students who are English language learners,,,,10.2%,9.7%,2021,TRUE,"https://datacenter.aecf.org/data/tables/9685-of-students-who-are-english-language-learners?loc=13&loct=2#detailed/5/7266/false/1095,2048,574,1729,37,871,870,573,869,36/any/18924",Education
State,Hawaii,,2022,Percent,0.101,Percent of students who are English language learners,,,,10.1%,9.8%,2021,TRUE,"https://datacenter.aecf.org/data/tables/9685-of-students-who-are-english-language-learners?loc=13&loct=2#detailed/2/any/false/1095,2048,574,1729,37,871,870,573,869,36/any/18924",Education
County,Hawaii County,,2022,Percent,0.10786,Percent of students who are English language learners,,,,10.8%,10.5%,2021,TRUE,"https://datacenter.aecf.org/data/tables/9685-of-students-who-are-english-language-learners?loc=13&loct=2#detailed/5/7267/false/1095,2048,574,1729,37,871,870,573,869,36/any/18924",Education
County,Kauai County,,2022,Percent,0.07485,Percent of students who are English language learners,,,,7.5%,7.0%,2021,TRUE,"https://datacenter.aecf.org/data/tables/9685-of-students-who-are-english-language-learners?loc=13&loct=2#detailed/5/7268/false/1095,2048,574,1729,37,871,870,573,869,36/any/18924",Education
County,Maui County,,2022,Percent,0.10598,Percent of students who are English language learners,,,,10.6%,10.7%,2021,FALSE,"https://datacenter.aecf.org/data/tables/9685-of-students-who-are-english-language-learners?loc=13&loct=2#detailed/5/7269/false/1095,2048,574,1729,37,871,870,573,869,36/any/18924",Education
County,C&C Honolulu,,2021,Percent,0.09734,Percent of students who are English language learners,,,,,,,,,Education
State,Hawaii,,2021,Percent,0.098,Percent of students who are English language learners,,,,,,,,,Education
County,Hawaii County,,2021,Percent,0.10525,Percent of students who are English language learners,,,,,,,,,Education
County,Kauai County,,2021,Percent,0.06957,Percent of students who are English language learners,,,,,,,,,Education
County,Maui County,,2021,Percent,0.10709,Percent of students who are English language learners,,,,,,,,,Education
County,C&C Honolulu,,2021,Rate,3.0403,Child abuse and neglect ages 0-17,,,,3.0,3.0,2020,flat,"https://datacenter.aecf.org/data/tables/9899-of-young-children-with-all-parents-in-workforce?loc=13&loct=2#detailed/5/7266/false/2543,2454,2026,1983,1692,1691,1607,1572,1485,1376/any/19229",Health
State,Hawaii,,2021,Rate,4.04979,Child abuse and neglect ages 0-17,,,,4.0,4.0,2020,flat,"https://datacenter.aecf.org/data/tables/9899-of-young-children-with-all-parents-in-workforce?loc=13&loct=2#detailed/2/any/false/2543,2454,2026,1983,1692,1691,1607,1572,1485,1376/any/19229",Health
County,Maui County,,2021,Rate,5.38979,Child abuse and neglect ages 0-17,,,,5.4,5.4,2020,flat,"https://datacenter.aecf.org/data/tables/9899-of-young-children-with-all-parents-in-workforce?loc=13&loct=2#detailed/5/7269/false/2543,2454,2026,1983,1692,1691,1607,1572,1485,1376/any/19229",Health
County,Hawaii County,,2021,Rate,6.50346,Child abuse and neglect ages 0-17,,,,6.5,6.5,2020,flat,"https://datacenter.aecf.org/data/tables/9899-of-young-children-with-all-parents-in-workforce?loc=13&loct=2#detailed/5/7267/false/2543,2454,2026,1983,1692,1691,1607,1572,1485,1376/any/19229",Health
County,Kauai County,,2021,Rate,7.23795,Child abuse and neglect ages 0-17,,,,7.2,7.2,2020,flat,"https://datacenter.aecf.org/data/tables/9899-of-young-children-with-all-parents-in-workforce?loc=13&loct=2#detailed/5/7268/false/2543,2454,2026,1983,1692,1691,1607,1572,1485,1376/any/19229",Health
County,C&C Honolulu,,2020,Rate,3.0403,Child abuse and neglect ages 0-17,,,,,,,,,Health
State,Hawaii,,2020,Rate,4.04979,Child abuse and neglect ages 0-17,,,,,,,,,Health
County,Maui County,,2020,Rate,5.38979,Child abuse and neglect ages 0-17,,,,,,,,,Health
County,Hawaii County,,2020,Rate,6.50346,Child abuse and neglect ages 0-17,,,,,,,,,Health
County,Kauai County,,2020,Rate,7.23795,Child abuse and neglect ages 0-17,,,,,,,,,Health
County,C&C Honolulu,Percent,2021,Percent,0.632,Early prenatal care,,,,63.2%,64.4%,2020,FALSE,"https://datacenter.aecf.org/data/tables/9411-population-of-young-children-birth-to-age-4?loc=13&loct=2#detailed/5/7266/false/1095,2048,574,1729,37,871,870,573,869,36/6274/18542",Health
State,Hawaii,Percent,2021,Percent,0.606,Early prenatal care,,,,60.6%,62.4%,2020,FALSE,"https://datacenter.aecf.org/data/tables/9411-population-of-young-children-birth-to-age-4?loc=13&loct=2#detailed/2/any/false/1095,2048,574,1729,37,871,870,573,869,36/6274/18542",Health
County,Hawaii County,Percent,2021,Percent,0.425,Early prenatal care,,,,42.5%,44.1%,2020,FALSE,"https://datacenter.aecf.org/data/tables/9411-population-of-young-children-birth-to-age-4?loc=13&loct=2#detailed/5/7267/false/1095,2048,574,1729,37,871,870,573,869,36/6274/18542",Health
County,Kauai County,Percent,2021,Percent,0.763,Early prenatal care,,,,76.3%,72.2%,2020,TRUE,"https://datacenter.aecf.org/data/tables/9411-population-of-young-children-birth-to-age-4?loc=13&loct=2#detailed/5/7268/false/1095,2048,574,1729,37,871,870,573,869,36/6274/18542",Health
County,Maui County,Percent,2021,Percent,0.577,Early prenatal care,,,,57.7%,67.4%,2020,FALSE,"https://datacenter.aecf.org/data/tables/9411-population-of-young-children-birth-to-age-4?loc=13&loct=2#detailed/5/7269/false/1095,2048,574,1729,37,871,870,573,869,36/6274/18542",Health
County,C&C Honolulu,Percent,2020,Percent,0.644,Early prenatal care,,,,,,,,,Health
State,Hawaii,Percent,2020,Percent,0.624,Early prenatal care,,,,,,,,,Health
County,Hawaii County,Percent,2020,Percent,0.441,Early prenatal care,,,,,,,,,Health
County,Kauai County,Percent,2020,Percent,0.722,Early prenatal care,,,,,,,,,Health
County,Maui County,Percent,2020,Percent,0.674,Early prenatal care,,,,,,,,,Health
County,C&C Honolulu,Percent,2021,Percent,0.086,Low birth weight,,,,8.6%,8.0%,2020,TRUE,"https://datacenter.aecf.org/data/tables/9444-unemployment-rate-annual-average?loc=13&loct=2#detailed/5/7266/false/1095,2048,574,1729,37,871,870,573,869,36/6445/18579",Health
State,Hawaii,Percent,2021,Percent,0.088,Low birth weight,,,,8.8%,8.0%,2020,TRUE,"https://datacenter.aecf.org/data/tables/9444-unemployment-rate-annual-average?loc=13&loct=2#detailed/2/any/false/1095,2048,574,1729,37,871,870,573,869,36/6445/18579",Health
County,Hawaii County,Percent,2021,Percent,0.097,Low birth weight,,,,9.7%,8.4%,2020,TRUE,"https://datacenter.aecf.org/data/tables/9444-unemployment-rate-annual-average?loc=13&loct=2#detailed/5/7267/false/1095,2048,574,1729,37,871,870,573,869,36/6445/18579",Health
County,Kauai County,Percent,2021,Percent,0.088,Low birth weight,,,,8.8%,8.6%,2020,TRUE,"https://datacenter.aecf.org/data/tables/9444-unemployment-rate-annual-average?loc=13&loct=2#detailed/5/7268/false/1095,2048,574,1729,37,871,870,573,869,36/6445/18579",Health
County,Maui County,Percent,2021,Percent,0.088,Low birth weight,,,,8.8%,7.1%,2020,TRUE,"https://datacenter.aecf.org/data/tables/9444-unemployment-rate-annual-average?loc=13&loct=2#detailed/5/7269/false/1095,2048,574,1729,37,871,870,573,869,36/6445/18579",Health
County,C&C Honolulu,Percent,2020,Percent,0.08,Low birth weight,,,,,,,,,Health
State,Hawaii,Percent,2020,Percent,0.08,Low birth weight,,,,,,,,,Health
County,Hawaii County,Percent,2020,Percent,0.084,Low birth weight,,,,,,,,,Health
County,Kauai County,Percent,2020,Percent,0.086,Low birth weight,,,,,,,,,Health
County,Maui County,Percent,2020,Percent,0.071,Low birth weight,,,,,,,,,Health
County,C&C Honolulu,Number,2022,Number,56030,Population of young children (0-4),,,,"56,030","57,888",2021,FALSE,"https://datacenter.aecf.org/data/tables/9528-young-adults-ages-18-to-24-in-poverty?loc=13&loct=2#detailed/5/7266/false/2543,2454,2026,1983,1692,1691,1607,1572,1485,1376/6273/18700",
State,Hawaii,Number,2022,Number,79600,Population of young children (0-4),,,,"79,600","81,799",2021,FALSE,"https://datacenter.aecf.org/data/tables/9528-young-adults-ages-18-to-24-in-poverty?loc=13&loct=2#detailed/2/any/false/2543,2454,2026,1983,1692,1691,1607,1572,1485,1376/6273/18700",
County,Hawaii County,Number,2022,Number,10877,Population of young children (0-4),,,,"10,877","10,882",2021,FALSE,"https://datacenter.aecf.org/data/tables/9528-young-adults-ages-18-to-24-in-poverty?loc=13&loct=2#detailed/5/7267/false/2543,2454,2026,1983,1692,1691,1607,1572,1485,1376/6273/18700",
County,Kauai County,Number,2022,Number,3900,Population of young children (0-4),,,,"3,900","3,978",2021,FALSE,"https://datacenter.aecf.org/data/tables/9528-young-adults-ages-18-to-24-in-poverty?loc=13&loct=2#detailed/5/7268/false/2543,2454,2026,1983,1692,1691,1607,1572,1485,1376/6273/18700",
County,Maui County,Number,2022,Number,8791,Population of young children (0-4),,,,"8,791","9,050",2021,FALSE,"https://datacenter.aecf.org/data/tables/9528-young-adults-ages-18-to-24-in-poverty?loc=13&loct=2#detailed/5/7269/false/2543,2454,2026,1983,1692,1691,1607,1572,1485,1376/6273/18700",
County,C&C Honolulu,Number,2021,Number,57888,Population of young children (0-4),,,,,,,,,
State,Hawaii,Number,2021,Number,81799,Population of young children (0-4),,,,,,,,,
County,Hawaii County,Number,2021,Number,10882,Population of young children (0-4),,,,,,,,,
County,Kauai County,Number,2021,Number,3978,Population of young children (0-4),,,,,,,,,
County,Maui County,Number,2021,Number,9050,Population of young children (0-4),,,,,,,,,
County,C&C Honolulu,Number,2020,Number,60927,Population of young children (0-4),,,,,,,,,
State,Hawaii,Number,2020,Number,85261,Population of young children (0-4),,,,,,,,,
County,Hawaii County,Number,2020,Number,11020,Population of young children (0-4),,,,,,,,,
County,Kauai County,Number,2020,Number,4042,Population of young children (0-4),,,,,,,,,
County,Maui County,Number,2020,Number,9272,Population of young children (0-4),,,,,,,,,
County,C&C Honolulu,Number,2019,Number,60727,Population of young children (0-4),,,,,,,,,
State,Hawaii,Number,2019,Number,86220,Population of young children (0-4),,,,,,,,,
County,Hawaii County,Number,2019,Number,11515,Population of young children (0-4),,,,,,,,,
County,Kauai County,Number,2019,Number,4222,Population of young children (0-4),,,,,,,,,
County,Maui County,Number,2019,Number,9756,Population of young children (0-4),,,,,,,,,